{"cameraMode":{"drawMode":0,"name":"Shaded","section":"Shading Mode"},"sceneLighting":true,"audioPlay":false,"sceneViewState":{"m_AlwaysRefresh":false,"showFog":true,"showSkybox":true,"showFlares":true,"showImageEffects":true,"showParticleSystems":true,"showVisualEffectGraphs":true,"m_FxEnabled":true},"in2DMode":false,"pivot":{"x":11.4234037399292,"y":4.863681793212891,"z":22.655187606811525},"rotation":{"x":0.10489590466022492,"y":0.06440743803977967,"z":-0.006828926037997007,"w":0.9923943877220154},"size":44.90367889404297,"orthographic":false}