{"cameraMode":{"drawMode":0,"name":"Shaded","section":"Shading Mode"},"sceneLighting":true,"audioPlay":false,"sceneViewState":{"m_AlwaysRefresh":false,"showFog":true,"showSkybox":true,"showFlares":true,"showImageEffects":true,"showParticleSystems":true,"showVisualEffectGraphs":true,"m_FxEnabled":true},"in2DMode":false,"pivot":{"x":-1.2395026683807374,"y":-2.6711864471435549,"z":14.831933975219727},"rotation":{"x":-0.12446096539497376,"y":0.01993882842361927,"z":-0.0025023301132023336,"w":-0.992024838924408},"size":15.364205360412598,"orthographic":false}